ID	Description	GeneRatio	BgRatio	RichFactor	FoldEnrichment	zScore	pvalue	p.adjust	qvalue	geneID	Count
GO:0042254	ribosome biogenesis	280/844	407/6015	0.687960687960688	4.9029425806677	32.9420809840158	7.39130137849847e-157	1.03773871354119e-153	9.39084290931333e-154	YPL220W/YAL059W/YIL019W/YHR081W/YMR143W/YER056C-A/YLL045C/YGL076C/YDL083C/YLR185W/YDR418W/YBR048W/YER074W/YDR500C/YIL052C/YGR214W/YNL112W/YOR369C/YDR087C/YML073C/YHR089C/YNL302C/YKR057W/YDR361C/YDL136W/YER131W/YFR031C-A/YPR102C/YDR447C/YKL006W/YKR094C/YOL127W/YML024W/YBR189W/YJR123W/YIL110W/YER102W/YIL133C/YGL030W/YLR340W/YLR388W/YLR167W/YBR181C/YGL123W/YML026C/YPL211W/YMR230W/YOR096W/YGR034W/YOL121C/YKL078W/YOR167C/YGR103W/YDR161W/YGR145W/YLR344W/YDL208W/YDR091C/YLR441C/YDR450W/YJL177W/YPR187W/YNL075W/YDR083W/YPL266W/YLR221C/YKL143W/YEL054C/YIL148W/YOR293W/YML063W/YGL135W/YDL061C/YOL077C/YHR072W-A/YBL072C/YPR132W/YDL213C/YER006W/YJL136C/YHR021C/YBL018C/YIL069C/YPL090C/YCL059C/YOR340C/YDR064W/YGR085C/YOL040C/YJL122W/YDL191W/YDR025W/YGR271C-A/YMR194W/YLR435W/YNL178W/YPR016C/YOR004W/YOR234C/YOR224C/YHL015W/YKL021C/YLR068W/YKL014C/YGR118W/YKL180W/YJL050W/YKL099C/YNL207W/YNL113W/YLR448W/YOR341W/YKR081C/YLR048W/YNL110C/YMR290C/YJL191W/YJR063W/YKL009W/YNL069C/YLR075W/YHL001W/YOR063W/YLR009W/YCR031C/YOR272W/YPL249C-A/YFR001W/YGL171W/YPL239W/YLR029C/YPL131W/YDL148C/YLR186W/YBL004W/YNR024W/YKL156W/YNL248C/YHR197W/YMR239C/YDL166C/YDR021W/YCL031C/YKL172W/YNL096C/YMR229C/YOR294W/YNL124W/YGR245C/YJR002W/YGL029W/YGR280C/YLR197W/YLR409C/YMR128W/YPR143W/YOR056C/YNL132W/YLR264W/YHR066W/YPR110C/YIL096C/YBR154C/YPL043W/YHR143W-A/YLR293C/YOR078W/YLR175W/YHR052W/YHR064C/YER002W/YMR269W/YGL099W/YOR206W/YDR101C/YJL033W/YNL002C/YLR022C/YIR026C/YGR285C/YPL146C/YHR169W/YOR243C/YDR412W/YAL025C/YOL041C/YKR060W/YLL008W/YLR276C/YDL229W/YDL014W/YNL061W/YDR449C/YHR088W/YDR339C/YOR210W/YLL011W/YCR016W/YNL209W/YJL148W/YDR060W/YOL144W/YNL282W/YPR112C/YGR090W/YKR024C/YPL217C/YPR010C/YLR196W/YDR324C/YMR049C/YJL010C/YHR085W/YHR170W/YGR081C/YCL054W/YDL031W/YHR148W/YOR145C/YMR131C/YDL153C/YDL060W/YHR196W/YLR063W/YGR128C/YLR222C/YPL081W/YPR137W/YEL026W/YGR162W/YNR054C/YLR051C/YML093W/YJL109C/YHR065C/YPL012W/YLR002C/YDR496C/YKL082C/YLR129W/YOL080C/YOR310C/YEL055C/YBR142W/YLL034C/YGL078C/YBR247C/YJR041C/YMR093W/YLR336C/YHR062C/YDL063C/YPL198W/YCR057C/YMR014W/YER126C/YER127W/YOR287C/YNL182C/YLR106C/YOL010W/YCR072C/YNL227C/YGL111W/YPL126W/YNL308C/YNR038W/YPL143W/YIR012W/YJL069C/YER082C/YDR299W/YDR398W/YGL120C/YPR144C/YIL091C/YHL033C/YPL226W/YBR267W/YPL093W	280
GO:0022613	ribonucleoprotein complex biogenesis	294/844	485/6015	0.606185567010309	4.32014950896565	30.8057375222248	2.45575169172107e-142	1.72393768758819e-139	1.56004857468807e-139	YPL220W/YAL059W/YIL019W/YHR081W/YMR143W/YER056C-A/YLL045C/YGL076C/YDL083C/YLR185W/YDR418W/YBR048W/YER074W/YDR500C/YIL052C/YGR214W/YNL112W/YOR369C/YDR087C/YML073C/YHR089C/YNL302C/YMR260C/YKR057W/YDR361C/YDL136W/YER131W/YFR031C-A/YPR102C/YDR447C/YKL006W/YKR094C/YOL127W/YML024W/YBR189W/YJR123W/YIL110W/YER102W/YIL133C/YGL030W/YLR340W/YLR388W/YLR167W/YBR181C/YGL123W/YML026C/YPL211W/YMR230W/YOR096W/YGR034W/YOL121C/YKL078W/YOR167C/YGR103W/YDR161W/YGR145W/YLR344W/YDL208W/YDR091C/YLR441C/YDR450W/YJL177W/YPR187W/YLR325C/YNL075W/YDR083W/YPL266W/YLR221C/YKL143W/YEL054C/YIL148W/YOR293W/YML063W/YGL135W/YDL061C/YOL077C/YHR072W-A/YBL072C/YPR132W/YDL213C/YER006W/YJL136C/YHR021C/YBL018C/YIL069C/YPL237W/YPL090C/YCL059C/YOR340C/YDR064W/YGR085C/YOL040C/YJL122W/YOL139C/YDL191W/YDR025W/YGR271C-A/YMR194W/YLR435W/YNL178W/YPR016C/YOR004W/YOR234C/YOR224C/YHL015W/YKL021C/YLR068W/YKL014C/YGR118W/YKL180W/YJL050W/YKL099C/YNL207W/YNL113W/YLR448W/YOR341W/YKR081C/YLR048W/YNL110C/YMR290C/YJL191W/YJR063W/YKL009W/YJL138C/YNL069C/YLR075W/YHL001W/YOR063W/YLR009W/YCR031C/YOR272W/YPL249C-A/YFR001W/YGL171W/YPL239W/YLR029C/YPL131W/YDL148C/YLR186W/YPR163C/YBL004W/YNR024W/YKL156W/YNL248C/YHR197W/YMR239C/YDL166C/YDR021W/YCL031C/YKL172W/YNL096C/YMR229C/YOR294W/YNL124W/YGR245C/YJR002W/YGL029W/YGR280C/YLR197W/YOR361C/YLR409C/YMR128W/YPR143W/YOR056C/YNL132W/YLR264W/YHR066W/YPR110C/YIL096C/YBR154C/YPL043W/YHR143W-A/YLR293C/YOR078W/YLR175W/YHR052W/YHR064C/YER002W/YDR429C/YMR269W/YGL099W/YOR206W/YDR101C/YJL033W/YNL002C/YLR022C/YIR026C/YGR285C/YPL146C/YHR169W/YOR243C/YDR412W/YAL025C/YOL041C/YKR060W/YLL008W/YLR276C/YDL229W/YDL014W/YNL061W/YDR449C/YNL244C/YHR088W/YDR339C/YJR007W/YOR210W/YLL011W/YCR016W/YNL209W/YJL148W/YDR060W/YOL144W/YNL282W/YPR112C/YGR090W/YKR024C/YPL217C/YPR010C/YLR196W/YDR324C/YMR049C/YJL010C/YER025W/YHR085W/YHR170W/YGR081C/YCL054W/YDL031W/YHR148W/YOR145C/YMR131C/YDL153C/YDL060W/YHR196W/YLR063W/YGR128C/YLR222C/YPL081W/YPR137W/YEL026W/YGR162W/YNR054C/YLR051C/YML093W/YJL109C/YHR065C/YPL012W/YLR002C/YDR496C/YBR079C/YKL082C/YLR129W/YOL080C/YOR310C/YEL055C/YBR142W/YLL034C/YGL078C/YBR247C/YJR041C/YMR093W/YLR336C/YHR062C/YDL063C/YPL198W/YCR057C/YMR014W/YER126C/YER127W/YFR005C/YOR287C/YNL182C/YLR106C/YOL010W/YCR072C/YNL227C/YGL111W/YPL126W/YNL308C/YNR038W/YPL143W/YIR012W/YJL069C/YER082C/YMR309C/YDR299W/YDR398W/YGL120C/YPR144C/YIL091C/YHL033C/YPL226W/YBR267W/YPL093W	294
GO:0006364	rRNA processing	212/844	294/6015	0.72108843537415	5.13903665731696	29.3969741417757	2.42799964502699e-122	1.13630383387263e-119	1.02827914791143e-119	YIL019W/YHR081W/YMR143W/YLL045C/YGL076C/YDL083C/YLR185W/YBR048W/YER074W/YDR500C/YGR214W/YNL112W/YOR369C/YDR087C/YHR089C/YKR057W/YDL136W/YER131W/YKL006W/YBR189W/YJR123W/YER102W/YIL133C/YGL030W/YLR388W/YLR167W/YBR181C/YGL123W/YML026C/YPL211W/YOR096W/YKL078W/YOR167C/YGR103W/YGR145W/YDL208W/YDR091C/YLR441C/YDR450W/YJL177W/YNL075W/YDR083W/YPL266W/YML063W/YDL061C/YOL077C/YHR072W-A/YBL072C/YPR132W/YDL213C/YER006W/YJL136C/YHR021C/YBL018C/YIL069C/YPL090C/YCL059C/YDR064W/YDL191W/YDR025W/YGR271C-A/YMR194W/YLR435W/YPR016C/YOR004W/YHL015W/YKL021C/YLR068W/YKL014C/YGR118W/YKL180W/YJL050W/YKL099C/YNL207W/YKR081C/YLR048W/YNL110C/YMR290C/YJL191W/YKL009W/YNL069C/YHL001W/YOR063W/YCR031C/YOR272W/YPL249C-A/YFR001W/YGL171W/YLR029C/YDL148C/YLR186W/YBL004W/YNR024W/YKL156W/YHR197W/YMR239C/YDL166C/YDR021W/YCL031C/YKL172W/YNL096C/YMR229C/YOR294W/YNL124W/YJR002W/YGL029W/YGR280C/YLR197W/YLR409C/YMR128W/YPR143W/YOR056C/YNL132W/YLR264W/YHR066W/YIL096C/YPL043W/YLR293C/YOR078W/YLR175W/YHR052W/YHR064C/YER002W/YJL033W/YNL002C/YGR285C/YPL146C/YHR169W/YOR243C/YDR412W/YAL025C/YOL041C/YKR060W/YLL008W/YLR276C/YDL229W/YDL014W/YNL061W/YDR449C/YHR088W/YDR339C/YLL011W/YCR016W/YNL209W/YOL144W/YNL282W/YPR112C/YGR090W/YKR024C/YPL217C/YLR196W/YDR324C/YMR049C/YJL010C/YHR085W/YGR081C/YCL054W/YDL031W/YHR148W/YOR145C/YMR131C/YDL153C/YDL060W/YHR196W/YLR063W/YGR128C/YLR222C/YPL081W/YPR137W/YEL026W/YNR054C/YLR051C/YML093W/YJL109C/YHR065C/YPL012W/YLR002C/YKL082C/YLR129W/YOL080C/YOR310C/YEL055C/YBR142W/YGL078C/YBR247C/YJR041C/YMR093W/YHR062C/YPL198W/YCR057C/YMR014W/YER126C/YER127W/YOR287C/YNL182C/YLR106C/YOL010W/YNL227C/YGL111W/YPL126W/YNL308C/YNR038W/YPL143W/YJL069C/YER082C/YDR299W/YDR398W/YGL120C/YPR144C/YIL091C/YHL033C/YPL093W	212
GO:0016072	rRNA metabolic process	225/844	355/6015	0.633802816901408	4.51697149722982	27.5956403299714	1.36094539659091e-111	4.77691834203408e-109	4.32279235180322e-109	YIL019W/YHR081W/YMR143W/YLL045C/YGL076C/YDL083C/YLR185W/YBR048W/YER074W/YDR500C/YGR214W/YNL112W/YOR369C/YDR087C/YHR089C/YKR057W/YDL136W/YER131W/YKL006W/YBR189W/YJR123W/YER102W/YIL133C/YGL030W/YLR388W/YLR167W/YBR181C/YGL123W/YML026C/YPL211W/YOR096W/YKL078W/YOR167C/YGR103W/YGR145W/YDL208W/YDR091C/YLR441C/YDR450W/YJL177W/YPR187W/YNL075W/YDR083W/YPL266W/YML063W/YDL061C/YOL077C/YHR072W-A/YBL072C/YPR132W/YDL213C/YER006W/YJL136C/YHR021C/YBL018C/YIL069C/YPL090C/YCL059C/YOR340C/YDR064W/YDL191W/YDR025W/YGR271C-A/YMR194W/YMR116C/YLR435W/YNL178W/YPR016C/YOR004W/YHL015W/YKL021C/YLR068W/YKL014C/YGR118W/YKL180W/YJL050W/YKL099C/YNL207W/YNL113W/YER148W/YOR341W/YKR081C/YLR048W/YNL110C/YMR290C/YJL191W/YJR063W/YKL009W/YNL069C/YHL001W/YOR063W/YCR031C/YOR272W/YPL249C-A/YFR001W/YGL171W/YLR029C/YDL148C/YLR186W/YBL004W/YNR024W/YKL156W/YNL248C/YHR197W/YMR239C/YDL166C/YDR021W/YCL031C/YKL172W/YNL096C/YMR229C/YOR294W/YNL124W/YJR002W/YGL029W/YGR280C/YLR197W/YLR409C/YMR128W/YPR143W/YOR056C/YNL132W/YLR264W/YHR066W/YPR110C/YIL096C/YBR154C/YPL043W/YLR293C/YOR078W/YLR175W/YHR052W/YHR064C/YER002W/YJL033W/YNL002C/YGR285C/YPL146C/YHR169W/YOR243C/YDR412W/YAL025C/YOL041C/YKR060W/YLL008W/YLR276C/YDL229W/YDL014W/YNL061W/YDR449C/YHR088W/YDR339C/YLL011W/YCR016W/YNL209W/YJL148W/YOL144W/YNL282W/YPR112C/YGR090W/YKR024C/YPL217C/YPR010C/YLR196W/YDR324C/YMR049C/YJL010C/YHR085W/YGR081C/YCL054W/YDL031W/YHR148W/YOR145C/YMR131C/YDL153C/YDL060W/YHR196W/YLR063W/YGR128C/YLR222C/YPL081W/YPR137W/YEL026W/YNR054C/YLR051C/YML093W/YJL109C/YHR065C/YPL012W/YLR002C/YKL082C/YLR129W/YOL080C/YOR310C/YEL055C/YBR142W/YGL078C/YBR247C/YJR041C/YMR093W/YHR062C/YPL198W/YCR057C/YMR014W/YER126C/YER127W/YOR287C/YNL182C/YLR106C/YOL010W/YNL227C/YGL111W/YPL126W/YNL308C/YNR038W/YPL143W/YJL069C/YER082C/YDR299W/YDR398W/YGL120C/YPR144C/YIL091C/YHL033C/YPL093W	225
GO:0042274	ribosomal small subunit biogenesis	120/844	139/6015	0.863309352517986	6.15261345426029	24.8290290189186	2.04210815702044e-84	5.73423970491339e-82	5.18910430636562e-82	YIL019W/YMR143W/YDL083C/YBR048W/YER074W/YGR214W/YOR369C/YNL302C/YKR057W/YDR447C/YML024W/YBR189W/YJR123W/YER102W/YLR388W/YLR167W/YBR181C/YML026C/YOR096W/YOL121C/YKL078W/YOR167C/YGR103W/YGR145W/YLR441C/YDR450W/YNL075W/YPL266W/YKL143W/YML063W/YDL061C/YBL072C/YPR132W/YDL213C/YJL136C/YHR021C/YIL069C/YPL090C/YCL059C/YDR064W/YDR025W/YGR271C-A/YLR435W/YOR004W/YHL015W/YLR068W/YGR118W/YKL099C/YNL207W/YLR048W/YMR290C/YJL191W/YCR031C/YFR001W/YGL171W/YPL239W/YDL148C/YLR186W/YBL004W/YKL156W/YDL166C/YDR021W/YCL031C/YNL096C/YMR229C/YOR294W/YJR002W/YMR128W/YOR056C/YNL132W/YLR264W/YOR078W/YMR269W/YHR169W/YKR060W/YDR449C/YDR339C/YLL011W/YPR112C/YPL217C/YDR324C/YJL010C/YGR081C/YHR148W/YOR145C/YDL153C/YDL060W/YHR196W/YGR128C/YLR222C/YPL081W/YPR137W/YEL026W/YNR054C/YLR051C/YML093W/YJL109C/YHR065C/YPL012W/YKL082C/YLR129W/YOR310C/YBR247C/YMR093W/YLR336C/YCR057C/YMR014W/YER127W/YOR287C/YOL010W/YPL126W/YNL308C/YJL069C/YER082C/YDR299W/YDR398W/YGL120C/YPR144C/YIL091C/YPL226W	120
GO:0002181	cytoplasmic translation	134/844	171/6015	0.783625730994152	5.58472603309221	24.5709533150948	1.28938378838161e-83	3.01715806481297e-81	2.73032672381861e-81	YLR333C/YPL220W/YNL301C/YGL147C/YER056C-A/YLL045C/YGL076C/YGR148C/YLR185W/YDR418W/YER074W/YDR500C/YIL052C/YDL075W/YGR214W/YMR142C/YML073C/YMR242C/YMR260C/YBL092W/YDL136W/YER131W/YBL027W/YFR031C-A/YGR027C/YOL120C/YPR102C/YDR447C/YKL006W/YJL190C/YDR382W/YKR094C/YNL255C/YOL127W/YML024W/YDL130W/YOR182C/YBR191W/YGL031C/YIL133C/YDL081C/YKL056C/YGL030W/YIL018W/YLR340W/YLR388W/YLR406C/YBL087C/YFR032C-A/YML026C/YMR230W/YOR096W/YGR034W/YBR084C-A/YHR141C/YLR344W/YLR441C/YJR145C/YDR450W/YJL177W/YPL079W/YLR325C/YOR312C/YEL054C/YIL148W/YOR293W/YML063W/YGL135W/YDL082W/YNL162W/YDL061C/YHR010W/YER117W/YDL133C-A/YIL069C/YPL237W/YKR059W/YGR085C/YOL040C/YDL184C/YOL139C/YDL191W/YJR094W-A/YMR194W/YNL178W/YOR234C/YOL039W/YDR471W/YLR367W/YBR143C/YKL180W/YLR212C/YLR448W/YLR048W/YJL191W/YDR152W/YJL138C/YNL069C/YLR075W/YHL001W/YHR203C/YCR031C/YAL036C/YPL249C-A/YLR029C/YPL131W/YPR163C/YDR023W/YNL096C/YOR361C/YLR264W/YHR064C/YDR429C/YBR061C/YDR012W/YNL067W/YDL229W/YNL244C/YJR007W/YGL103W/YNL209W/YGR173W/YER025W/YOR091W/YFL034C-A/YBR031W/YDR179C/YGR162W/YBR079C/YPL198W/YPL143W/YMR309C/YHL033C/YLR249W	134
GO:0030490	maturation of SSU-rRNA	103/844	117/6015	0.88034188034188	6.27400048608579	23.2726789586354	3.71294988954462e-74	7.44711663560093e-72	6.73914363410581e-72	YIL019W/YMR143W/YDL083C/YBR048W/YER074W/YGR214W/YOR369C/YKR057W/YBR189W/YJR123W/YER102W/YLR388W/YLR167W/YBR181C/YML026C/YKL078W/YOR167C/YGR103W/YGR145W/YLR441C/YDR450W/YPL266W/YML063W/YDL061C/YBL072C/YPR132W/YJL136C/YHR021C/YIL069C/YPL090C/YCL059C/YDR064W/YDR025W/YGR271C-A/YLR435W/YOR004W/YHL015W/YLR068W/YGR118W/YKL099C/YNL207W/YLR048W/YMR290C/YJL191W/YCR031C/YFR001W/YGL171W/YDL148C/YLR186W/YBL004W/YKL156W/YDL166C/YDR021W/YMR229C/YOR294W/YJR002W/YMR128W/YOR056C/YNL132W/YLR264W/YOR078W/YHR169W/YDR449C/YDR339C/YLL011W/YPR112C/YPL217C/YDR324C/YJL010C/YGR081C/YOR145C/YDL153C/YDL060W/YHR196W/YGR128C/YLR222C/YPL081W/YPR137W/YEL026W/YNR054C/YLR051C/YML093W/YJL109C/YHR065C/YPL012W/YLR129W/YOR310C/YBR247C/YMR093W/YCR057C/YMR014W/YER127W/YOR287C/YOL010W/YPL126W/YNL308C/YJL069C/YER082C/YDR299W/YDR398W/YGL120C/YPR144C/YIL091C	103
GO:0000462	maturation of SSU-rRNA from tricistronic rRNA transcript (SSU-rRNA, 5.8S rRNA, LSU-rRNA)	94/844	101/6015	0.930693069306931	6.63284219417202	23.0628661035207	4.3285261974663e-73	7.59656347655335e-71	6.87438305308134e-71	YIL019W/YMR143W/YDL083C/YBR048W/YER074W/YGR214W/YKR057W/YBR189W/YER102W/YBR181C/YML026C/YKL078W/YGR103W/YGR145W/YLR441C/YDR450W/YPL266W/YML063W/YBL072C/YPR132W/YJL136C/YHR021C/YIL069C/YPL090C/YCL059C/YDR064W/YDR025W/YGR271C-A/YLR435W/YOR004W/YHL015W/YLR068W/YGR118W/YKL099C/YNL207W/YLR048W/YMR290C/YJL191W/YCR031C/YFR001W/YGL171W/YDL148C/YLR186W/YBL004W/YKL156W/YDL166C/YDR021W/YMR229C/YOR294W/YJR002W/YMR128W/YOR056C/YOR078W/YHR169W/YDR449C/YDR339C/YLL011W/YPR112C/YPL217C/YDR324C/YJL010C/YGR081C/YOR145C/YDL153C/YDL060W/YHR196W/YGR128C/YLR222C/YPL081W/YPR137W/YEL026W/YNR054C/YLR051C/YML093W/YJL109C/YHR065C/YPL012W/YLR129W/YOR310C/YBR247C/YMR093W/YCR057C/YER127W/YOR287C/YOL010W/YPL126W/YNL308C/YJL069C/YER082C/YDR299W/YDR398W/YGL120C/YPR144C/YIL091C	94
GO:0042273	ribosomal large subunit biogenesis	108/844	134/6015	0.805970149253731	5.74396972483554	22.4354293222121	1.90514902574541e-69	2.97203248016284e-67	2.68949108078913e-67	YLL045C/YGL076C/YLR185W/YDR418W/YDR500C/YML073C/YDL136W/YER131W/YFR031C-A/YPR102C/YKL006W/YKR094C/YOL127W/YIL110W/YIL133C/YLR340W/YPL211W/YGR034W/YGR103W/YDR161W/YLR344W/YDR091C/YJL177W/YDR083W/YLR221C/YEL054C/YIL148W/YOL077C/YER006W/YGR085C/YJL122W/YDL191W/YMR194W/YLR435W/YPR016C/YOR234C/YKL021C/YKL014C/YKL180W/YLR448W/YKR081C/YNL110C/YMR290C/YKL009W/YNL069C/YLR075W/YHL001W/YOR063W/YLR009W/YOR272W/YPL249C-A/YFR001W/YLR029C/YPL131W/YHR197W/YKL172W/YMR229C/YOR294W/YGR245C/YPR143W/YHR066W/YPL043W/YHR052W/YER002W/YGL099W/YOR206W/YNL002C/YIR026C/YPL146C/YDR412W/YAL025C/YOL041C/YLL008W/YLR276C/YNL061W/YHR088W/YCR016W/YDR060W/YOL144W/YKR024C/YMR049C/YHR085W/YCL054W/YDL031W/YGR162W/YLR002C/YDR496C/YKL082C/YOL080C/YEL055C/YBR142W/YLL034C/YGL078C/YDL063C/YPL198W/YER126C/YNL182C/YLR106C/YCR072C/YNL227C/YGL111W/YNR038W/YPL143W/YIR012W/YGL120C/YHL033C/YBR267W/YPL093W	108
GO:0006412	translation	199/844	465/6015	0.427956989247312	3.04995413545329	18.5904454313031	1.92238850771983e-57	2.69903346483863e-55	2.44244518822929e-55	YLR333C/YPL220W/YNL301C/YDR341C/YGL147C/YMR143W/YER056C-A/YLL045C/YGL076C/YDL083C/YGR148C/YLR185W/YDR418W/YBR048W/YER074W/YDR500C/YIL052C/YDL075W/YGR214W/YMR142C/YOR369C/YML073C/YMR242C/YNL302C/YMR260C/YKR057W/YBL092W/YIL078W/YDL136W/YER131W/YBL027W/YFR031C-A/YGR027C/YOL120C/YPR102C/YDR447C/YKL006W/YJL190C/YDR382W/YKR094C/YNL255C/YOL127W/YML024W/YDL130W/YBR189W/YJR123W/YOR276W/YIL110W/YOR182C/YER102W/YBR191W/YGR094W/YGL031C/YIL133C/YDL081C/YKL056C/YGL030W/YIL018W/YLR340W/YLR388W/YLR406C/YBL087C/YLR167W/YBR181C/YGL123W/YFR032C-A/YML026C/YMR230W/YOR096W/YGR034W/YOL121C/YLR150W/YBR084C-A/YHR141C/YOR167C/YKL081W/YLR344W/YDR091C/YLR441C/YJR145C/YDR450W/YJL177W/YPL079W/YLR325C/YOR312C/YEL054C/YIL148W/YOR293W/YML063W/YGL135W/YDL082W/YNL162W/YDL061C/YBL072C/YBL076C/YPR132W/YJL136C/YHR020W/YHR021C/YHR010W/YER117W/YDL133C-A/YIL069C/YPL237W/YPL090C/YDR064W/YKR059W/YGR085C/YOL040C/YOL097C/YDL184C/YOL139C/YDL191W/YDR025W/YJR094W-A/YMR194W/YMR116C/YNL178W/YPR016C/YOR234C/YOL039W/YHL015W/YDR471W/YLR367W/YGR118W/YBR143C/YKL180W/YLR212C/YLR448W/YIL064W/YLR048W/YBR121C/YJL191W/YDR152W/YJL138C/YNL069C/YLR075W/YHL001W/YOR063W/YHR203C/YDR385W/YCR031C/YAL036C/YOR133W/YPL249C-A/YFR001W/YHR019C/YLR029C/YPL131W/YPR163C/YDR023W/YKL156W/YNL247W/YNL096C/YPR033C/YOR361C/YOR335C/YLR264W/YHR064C/YDR429C/YBR061C/YDR012W/YDR037W/YGR285C/YOR168W/YNL067W/YAL003W/YGR264C/YDL229W/YDR172W/YNL244C/YJR007W/YGL103W/YPL160W/YNL209W/YPR080W/YJR047C/YBR271W/YGR173W/YER025W/YOR091W/YFL034C-A/YGR185C/YBR031W/YLR060W/YDR179C/YPL081W/YGR162W/YDR496C/YBR079C/YPL198W/YOR302W/YPL143W/YGL169W/YMR309C/YHL033C/YPL226W/YER049W/YLR249W	199
GO:0042255	ribosome assembly	69/844	85/6015	0.811764705882353	5.7852662391971	17.9495633522057	1.04345110657981e-44	1.33182304876187e-42	1.20521099104482e-42	YDR418W/YBR048W/YGR214W/YOR369C/YML073C/YNL302C/YER131W/YPR102C/YDR447C/YKL006W/YKR094C/YOL127W/YML024W/YIL110W/YLR340W/YLR167W/YPL211W/YOL121C/YOR167C/YLR221C/YEL054C/YIL148W/YOL077C/YHR021C/YGR085C/YDR025W/YMR194W/YPR016C/YKL021C/YLR448W/YKR081C/YLR048W/YJL191W/YKL009W/YLR075W/YHL001W/YOR063W/YLR009W/YCR031C/YPL249C-A/YLR029C/YPL131W/YKL156W/YHR197W/YCL031C/YMR229C/YLR264W/YHR066W/YGL099W/YLR022C/YIR026C/YPL146C/YLL008W/YNL061W/YDR060W/YPR112C/YHR085W/YDL031W/YOR145C/YNR054C/YOL080C/YEL055C/YCR057C/YNL182C/YLR106C/YCR072C/YPL143W/YIR012W/YPL093W	69
GO:0000466	maturation of 5.8S rRNA from tricistronic rRNA transcript (SSU-rRNA, 5.8S rRNA, LSU-rRNA)	68/844	90/6015	0.755555555555556	5.38467614533965	16.9309086046349	2.36149671350944e-40	2.76295115480605e-38	2.50028643263675e-38	YHR081W/YLR185W/YDR500C/YGR214W/YKR057W/YML026C/YGR103W/YDR450W/YJL177W/YOL077C/YJL136C/YCL059C/YPR016C/YOR004W/YKL021C/YKL014C/YKL180W/YJL050W/YKL099C/YKR081C/YLR048W/YOR272W/YFR001W/YGL171W/YDL148C/YLR186W/YBL004W/YNR024W/YMR229C/YOR294W/YJR002W/YPR143W/YLR293C/YOR078W/YNL002C/YHR169W/YAL025C/YDR449C/YHR088W/YDR339C/YPR112C/YKR024C/YMR049C/YJL010C/YCL054W/YDL031W/YOR145C/YDL153C/YLR222C/YPR137W/YNR054C/YLR051C/YML093W/YJL109C/YLR129W/YOR310C/YBR142W/YGL078C/YBR247C/YCR057C/YER126C/YOL010W/YNL308C/YNR038W/YJL069C/YER082C/YGL120C/YPR144C	68
GO:0000460	maturation of 5.8S rRNA	68/844	91/6015	0.747252747252747	5.32550388000625	16.7963742738419	8.13828931223934e-40	8.78935245721849e-38	7.95377748977561e-38	YHR081W/YLR185W/YDR500C/YGR214W/YKR057W/YML026C/YGR103W/YDR450W/YJL177W/YOL077C/YJL136C/YCL059C/YPR016C/YOR004W/YKL021C/YKL014C/YKL180W/YJL050W/YKL099C/YKR081C/YLR048W/YOR272W/YFR001W/YGL171W/YDL148C/YLR186W/YBL004W/YNR024W/YMR229C/YOR294W/YJR002W/YPR143W/YLR293C/YOR078W/YNL002C/YHR169W/YAL025C/YDR449C/YHR088W/YDR339C/YPR112C/YKR024C/YMR049C/YJL010C/YCL054W/YDL031W/YOR145C/YDL153C/YLR222C/YPR137W/YNR054C/YLR051C/YML093W/YJL109C/YLR129W/YOR310C/YBR142W/YGL078C/YBR247C/YCR057C/YER126C/YOL010W/YNL308C/YNR038W/YJL069C/YER082C/YGL120C/YPR144C	68
GO:0000479	endonucleolytic cleavage of tricistronic rRNA transcript (SSU-rRNA, 5.8S rRNA, LSU-rRNA)	50/844	58/6015	0.862068965517241	6.14377349240072	15.9018517059605	3.95849904914997e-35	3.96980904643326e-33	3.59241229498046e-33	YLR185W/YDR500C/YGR214W/YKR057W/YML026C/YDR450W/YJL177W/YOL077C/YJL136C/YHR021C/YCL059C/YOR004W/YKL180W/YKL099C/YLR048W/YFR001W/YGL171W/YDL148C/YLR186W/YBL004W/YMR229C/YOR294W/YJR002W/YOR078W/YHR169W/YDR449C/YDR339C/YPR112C/YKR024C/YPL217C/YJL010C/YOR145C/YDL153C/YDL060W/YLR222C/YPR137W/YNR054C/YLR051C/YML093W/YJL109C/YLR129W/YOR310C/YGL078C/YBR247C/YCR057C/YOL010W/YNL308C/YJL069C/YER082C/YPR144C	50
GO:0000470	maturation of LSU-rRNA	53/844	68/6015	0.779411764705882	5.55469403401171	15.2591506787564	8.12144325300532e-33	7.60167088481298e-31	6.87900491675609e-31	YLL045C/YGL076C/YLR185W/YDR500C/YDL136W/YER131W/YKL006W/YIL133C/YPL211W/YGR103W/YJL177W/YOL077C/YER006W/YDL191W/YMR194W/YLR435W/YPR016C/YKL021C/YKL014C/YKL180W/YKR081C/YMR290C/YNL069C/YHL001W/YOR272W/YPL249C-A/YLR029C/YMR229C/YPR143W/YHR066W/YPL043W/YNL002C/YPL146C/YDR412W/YAL025C/YOL041C/YLR276C/YNL061W/YHR088W/YCR016W/YOL144W/YKR024C/YMR049C/YHR085W/YCL054W/YDL031W/YBR142W/YGL078C/YPL198W/YER126C/YNR038W/YGL120C/YHL033C	53
GO:0000447	endonucleolytic cleavage in ITS1 to separate SSU-rRNA from 5.8S rRNA and LSU-rRNA from tricistronic rRNA transcript (SSU-rRNA, 5.8S rRNA, LSU-rRNA)	40/844	43/6015	0.930232558139535	6.62956023366031	14.9663006337948	2.76004977826432e-31	2.42194368042694e-29	2.19169742260857e-29	YGR214W/YKR057W/YML026C/YDR450W/YJL136C/YCL059C/YOR004W/YKL099C/YLR048W/YFR001W/YGL171W/YDL148C/YLR186W/YBL004W/YMR229C/YOR294W/YJR002W/YOR078W/YHR169W/YDR449C/YDR339C/YPR112C/YJL010C/YOR145C/YDL153C/YLR222C/YPR137W/YNR054C/YLR051C/YML093W/YJL109C/YLR129W/YOR310C/YBR247C/YCR057C/YOL010W/YNL308C/YJL069C/YER082C/YPR144C	40
GO:0000027	ribosomal large subunit assembly	45/844	54/6015	0.833333333333333	5.93898104265403	14.7278836473481	2.23811856702659e-30	1.84842262829725e-28	1.67269913956724e-28	YDR418W/YML073C/YPR102C/YKL006W/YKR094C/YOL127W/YIL110W/YLR340W/YPL211W/YLR221C/YEL054C/YIL148W/YOL077C/YGR085C/YMR194W/YPR016C/YKL021C/YLR448W/YKR081C/YKL009W/YLR075W/YHL001W/YOR063W/YLR009W/YPL249C-A/YLR029C/YPL131W/YHR197W/YHR066W/YGL099W/YIR026C/YPL146C/YLL008W/YNL061W/YDR060W/YHR085W/YDL031W/YOL080C/YEL055C/YNL182C/YLR106C/YCR072C/YPL143W/YIR012W/YPL093W	45
GO:0022618	protein-RNA complex assembly	83/844	169/6015	0.49112426035503	3.5001332062032	13.3181150247011	1.58388973614556e-28	1.23543399419354e-26	1.11798532837877e-26	YDR418W/YBR048W/YGR214W/YOR369C/YML073C/YNL302C/YMR260C/YPR102C/YDR447C/YKL006W/YKR094C/YOL127W/YML024W/YIL110W/YLR340W/YLR167W/YPL211W/YOL121C/YOR167C/YDL208W/YLR325C/YLR221C/YEL054C/YIL148W/YOL077C/YHR021C/YPL237W/YGR085C/YOL139C/YDR025W/YMR194W/YPR016C/YKL021C/YLR448W/YKR081C/YLR048W/YJL191W/YKL009W/YJL138C/YLR075W/YHL001W/YOR063W/YLR009W/YCR031C/YPL249C-A/YLR029C/YPL131W/YPR163C/YKL156W/YHR197W/YCL031C/YMR229C/YNL124W/YOR361C/YLR264W/YHR066W/YDR429C/YGL099W/YIR026C/YPL146C/YLL008W/YNL061W/YNL244C/YJR007W/YDR060W/YPR112C/YER025W/YHR085W/YDL031W/YGR162W/YNR054C/YBR079C/YOL080C/YEL055C/YCR057C/YFR005C/YNL182C/YLR106C/YCR072C/YPL143W/YIR012W/YMR309C/YPL093W	83
GO:0071826	protein-RNA complex organization	85/844	177/6015	0.480225988700565	3.42246365169893	13.2153151234841	2.62378954789805e-28	1.93884238170992e-26	1.75452298299886e-26	YDR418W/YBR048W/YGR214W/YOR369C/YML073C/YNL302C/YMR260C/YPR102C/YDR447C/YKL006W/YKR094C/YOL127W/YML024W/YIL110W/YLR340W/YLR167W/YPL211W/YOL121C/YOR167C/YDL208W/YLR325C/YLR221C/YEL054C/YIL148W/YOL077C/YHR021C/YPL237W/YGR085C/YOL139C/YDR025W/YMR194W/YPR016C/YKL021C/YLR448W/YKR081C/YLR048W/YJL191W/YKL009W/YJL138C/YLR075W/YHL001W/YOR063W/YLR009W/YCR031C/YOR272W/YPL249C-A/YLR029C/YPL131W/YPR163C/YKL156W/YHR197W/YCL031C/YMR229C/YNL124W/YOR361C/YLR264W/YHR066W/YDR429C/YGL099W/YIR026C/YPL146C/YLL008W/YNL061W/YNL244C/YJR007W/YDR060W/YPR112C/YER025W/YHR085W/YDL031W/YGR162W/YNR054C/YBR079C/YOL080C/YEL055C/YCR057C/YFR005C/YNL182C/YLR106C/YCR072C/YPL143W/YIR012W/YMR309C/YGL120C/YPL093W	85
GO:0140694	membraneless organelle assembly	84/844	174/6015	0.482758620689655	3.4405131557444	13.1970797279494	3.47135218693239e-28	2.43688923522654e-26	2.20522215243547e-26	YNL169C/YHR172W/YBR029C/YDR418W/YBR048W/YLR180W/YGR214W/YOR369C/YML073C/YNL302C/YER131W/YPR102C/YDR447C/YKL006W/YKR094C/YOL127W/YML024W/YOR276W/YIL110W/YLR340W/YLR167W/YPL211W/YOL121C/YOR167C/YCL024W/YLR221C/YEL054C/YIL148W/YOL077C/YHR021C/YGR085C/YDR025W/YMR194W/YPR016C/YKL021C/YLR448W/YKR081C/YLR048W/YJL191W/YKL009W/YLR075W/YHL001W/YOR063W/YLR009W/YCR031C/YPL249C-A/YNL166C/YLR029C/YPL131W/YNL031C/YKL156W/YHR197W/YCL031C/YMR229C/YLR264W/YHR066W/YGL099W/YLR022C/YIR026C/YPL146C/YLL008W/YNL061W/YDR060W/YPR112C/YHR085W/YJL187C/YDL031W/YOR145C/YGR162W/YNR054C/YGR108W/YOL080C/YEL055C/YMR001C/YCR057C/YNL182C/YLR106C/YCR072C/YPL143W/YIR012W/YPR119W/YGL008C/YDR507C/YPL093W	84
GO:0000463	maturation of LSU-rRNA from tricistronic rRNA transcript (SSU-rRNA, 5.8S rRNA, LSU-rRNA)	43/844	53/6015	0.811320754716981	5.78210229813109	14.1262366503913	3.96156885504341e-28	2.64859174880045e-26	2.39679880102125e-26	YGL076C/YLR185W/YDR500C/YDL136W/YER131W/YPL211W/YGR103W/YJL177W/YOL077C/YER006W/YDL191W/YLR435W/YPR016C/YKL021C/YKL014C/YKL180W/YKR081C/YMR290C/YOR272W/YMR229C/YPR143W/YHR066W/YPL043W/YNL002C/YPL146C/YDR412W/YAL025C/YOL041C/YLR276C/YNL061W/YHR088W/YOL144W/YKR024C/YMR049C/YHR085W/YCL054W/YDL031W/YBR142W/YGL078C/YPL198W/YER126C/YNR038W/YGL120C	43
GO:0000967	rRNA 5'-end processing	34/844	37/6015	0.918918918918919	6.54893044703471	13.6772206776562	2.85941521607252e-26	1.82482680152992e-24	1.65134649081317e-24	YOL077C/YOR004W/YKL099C/YFR001W/YGL171W/YDL148C/YLR186W/YBL004W/YMR229C/YJR002W/YOR078W/YNL002C/YHR169W/YDR412W/YDR449C/YDR339C/YPR112C/YPL217C/YJL010C/YOR145C/YDL153C/YLR222C/YPR137W/YNR054C/YLR051C/YML093W/YJL109C/YLR129W/YOR310C/YCR057C/YOL010W/YJL069C/YER082C/YPR144C	34
GO:0000054	ribosomal subunit export from nucleus	47/844	69/6015	0.681159420289855	4.85447146095199	13.0089604602251	7.16121264042783e-25	4.37145328137421e-23	3.95587352722947e-23	YPL220W/YAL059W/YGR214W/YNL302C/YDR361C/YER131W/YKR094C/YJR123W/YGL123W/YML026C/YMR230W/YOL121C/YOR167C/YDR091C/YDR450W/YKL143W/YIL148W/YOR293W/YGL135W/YER006W/YOL040C/YNL178W/YPR016C/YLR048W/YKL009W/YFR001W/YPL239W/YOR294W/YGR245C/YLR264W/YLR293C/YGL099W/YDR101C/YIR026C/YGR285C/YPL146C/YDL229W/YHR088W/YNL209W/YJL010C/YHR170W/YGR081C/YOR145C/YLL034C/YLR106C/YNL227C/YPL093W	47
GO:0033750	ribosome localization	47/844	70/6015	0.671428571428571	4.78512186865267	12.8682243442796	1.89391249173725e-24	1.10793880766629e-22	1.00261069189774e-22	YPL220W/YAL059W/YGR214W/YNL302C/YDR361C/YER131W/YKR094C/YJR123W/YGL123W/YML026C/YMR230W/YOL121C/YOR167C/YDR091C/YDR450W/YKL143W/YIL148W/YOR293W/YGL135W/YER006W/YOL040C/YNL178W/YPR016C/YLR048W/YKL009W/YFR001W/YPL239W/YOR294W/YGR245C/YLR264W/YLR293C/YGL099W/YDR101C/YIR026C/YGR285C/YPL146C/YDL229W/YHR088W/YNL209W/YJL010C/YHR170W/YGR081C/YOR145C/YLL034C/YLR106C/YNL227C/YPL093W	47
GO:0000472	endonucleolytic cleavage to generate mature 5'-end of SSU-rRNA from (SSU-rRNA, 5.8S rRNA, LSU-rRNA)	31/844	34/6015	0.911764705882353	6.49794396431558	12.9872898368486	8.80757957880293e-24	4.94633669145572e-22	4.47610465331164e-22	YOR004W/YKL099C/YFR001W/YGL171W/YDL148C/YLR186W/YBL004W/YMR229C/YJR002W/YOR078W/YHR169W/YDR449C/YDR339C/YPR112C/YPL217C/YJL010C/YOR145C/YDL153C/YLR222C/YPR137W/YNR054C/YLR051C/YML093W/YJL109C/YLR129W/YOR310C/YCR057C/YOL010W/YJL069C/YER082C/YPR144C	31
GO:0000480	endonucleolytic cleavage in 5'-ETS of tricistronic rRNA transcript (SSU-rRNA, 5.8S rRNA, LSU-rRNA)	29/844	32/6015	0.90625	6.45864188388626	12.5073630786435	3.94253526956837e-22	2.12896904556692e-20	1.92657492727491e-20	YOR004W/YKL099C/YFR001W/YGL171W/YDL148C/YLR186W/YBL004W/YMR229C/YJR002W/YHR169W/YDR449C/YDR339C/YPR112C/YPL217C/YJL010C/YDL153C/YLR222C/YPR137W/YNR054C/YLR051C/YML093W/YJL109C/YLR129W/YOR310C/YCR057C/YOL010W/YJL069C/YER082C/YPR144C	29
GO:0070925	organelle assembly	85/844	224/6015	0.379464285714286	2.70435743906567	10.5020377137217	8.40446001191259e-20	4.37031920619455e-18	3.95484726486491e-18	YNL169C/YHR172W/YBR029C/YDR418W/YBR048W/YLR180W/YGR214W/YOR369C/YML073C/YNL302C/YER131W/YPL250C/YPR102C/YDR447C/YKL006W/YKR094C/YOL127W/YML024W/YOR276W/YIL110W/YLR340W/YLR167W/YPL211W/YOL121C/YOR167C/YCL024W/YLR221C/YEL054C/YIL148W/YOL077C/YHR021C/YGR085C/YDR025W/YMR194W/YPR016C/YKL021C/YLR448W/YKR081C/YLR048W/YJL191W/YKL009W/YLR075W/YHL001W/YOR063W/YLR009W/YCR031C/YPL249C-A/YNL166C/YLR029C/YPL131W/YNL031C/YKL156W/YHR197W/YCL031C/YMR229C/YLR264W/YHR066W/YGL099W/YLR022C/YIR026C/YPL146C/YLL008W/YNL061W/YDR060W/YPR112C/YHR085W/YJL187C/YDL031W/YOR145C/YGR162W/YNR054C/YGR108W/YOL080C/YEL055C/YMR001C/YCR057C/YNL182C/YLR106C/YCR072C/YPL143W/YIR012W/YPR119W/YGL008C/YDR507C/YPL093W	85
GO:0006520	amino acid metabolic process	85/844	241/6015	0.352697095435685	2.51359363631	9.68824451099183	1.80511177940058e-17	9.05134620813721e-16	8.19086435239287e-16	YBR115C/YJL200C/YBR145W/YGL148W/YOR108W/YJR109C/YPL273W/YBR249C/YER055C/YDR341C/YDL182W/YCL030C/YDR158W/YDR321W/YPR145W/YDR234W/YDR035W/YLR180W/YIL094C/YOR130C/YIL078W/YER052C/YGR094W/YDR127W/YDR502C/YDR354W/YOL058W/YBL076C/YHR020W/YHR018C/YPR118W/YGR124W/YOL097C/YMR116C/YER091C/YIL116W/YGL256W/YNR050C/YPR060C/YKL106W/YER086W/YDR111C/YDL131W/YBR121C/YIR034C/YDR300C/YGR155W/YHR019C/YDR023W/YGL202W/YNL247W/YPR033C/YCR053W/YMR062C/YOR184W/YOR335C/YIL020C/YDR037W/YKL184W/YPR069C/YBR248C/YOR168W/YKL211C/YKL029C/YGR264C/YDL171C/YPL160W/YGR208W/YMR303C/YGR185C/YOL064C/YJL088W/YLR060W/YJR016C/YLR146C/YER069W/YLR017W/YGL125W/YMR108W/YHR208W/YGL009C/YNL097C-B/YER081W/YOL140W/YOR303W	85
GO:0008652	amino acid biosynthetic process	59/844	135/6015	0.437037037037037	3.11466561348078	10.0388875795223	2.04595314748233e-17	9.90523523815585e-16	8.96357694740899e-16	YBR115C/YJL200C/YGL148W/YOR108W/YJR109C/YPL273W/YBR249C/YER055C/YDL182W/YCL030C/YDR158W/YPR145W/YDR234W/YDR035W/YLR180W/YIL094C/YOR130C/YER052C/YDR127W/YDR502C/YDR354W/YOL058W/YHR018C/YPR118W/YGR124W/YER091C/YIL116W/YNR050C/YPR060C/YKL106W/YER086W/YDL131W/YIR034C/YDR300C/YGR155W/YGL202W/YCR053W/YMR062C/YOR184W/YIL020C/YPR069C/YBR248C/YKL211C/YDL171C/YGR208W/YOL064C/YJL088W/YJR016C/YLR146C/YER069W/YLR017W/YGL125W/YMR108W/YHR208W/YGL009C/YNL097C-B/YER081W/YOL140W/YOR303W	59
GO:0170034	L-amino acid biosynthetic process	54/844	118/6015	0.457627118644068	3.26140653867781	10.0223542590373	4.07482138546293e-17	1.90701640839665e-15	1.72572260079079e-15	YBR115C/YJL200C/YOR108W/YJR109C/YPL273W/YER055C/YDL182W/YCL030C/YDR158W/YPR145W/YDR234W/YLR180W/YIL094C/YOR130C/YER052C/YDR502C/YDR354W/YOL058W/YHR018C/YPR118W/YGR124W/YER091C/YIL116W/YNR050C/YPR060C/YKL106W/YER086W/YDL131W/YIR034C/YDR300C/YGL202W/YCR053W/YMR062C/YOR184W/YIL020C/YPR069C/YBR248C/YKL211C/YDL171C/YGR208W/YOL064C/YJL088W/YJR016C/YLR146C/YER069W/YLR017W/YGL125W/YMR108W/YHR208W/YGL009C/YNL097C-B/YER081W/YOL140W/YOR303W	54
GO:0170038	proteinogenic amino acid biosynthetic process	54/844	120/6015	0.45	3.20704976303318	9.86566830873908	1.02428320287062e-16	4.63901166719468e-15	4.19799601312339e-15	YBR115C/YJL200C/YOR108W/YJR109C/YPL273W/YER055C/YDL182W/YCL030C/YDR158W/YPR145W/YDR234W/YLR180W/YIL094C/YOR130C/YER052C/YDR502C/YDR354W/YOL058W/YHR018C/YPR118W/YGR124W/YER091C/YIL116W/YNR050C/YPR060C/YKL106W/YER086W/YDL131W/YIR034C/YDR300C/YGL202W/YCR053W/YMR062C/YOR184W/YIL020C/YPR069C/YBR248C/YKL211C/YDL171C/YGR208W/YOL064C/YJL088W/YJR016C/YLR146C/YER069W/YLR017W/YGL125W/YMR108W/YHR208W/YGL009C/YNL097C-B/YER081W/YOL140W/YOR303W	54
GO:0000028	ribosomal small subunit assembly	20/844	21/6015	0.952380952380952	6.78740690589032	10.7325016161922	1.31409785749298e-16	5.76560434975046e-15	5.21748721708562e-15	YBR048W/YGR214W/YOR369C/YNL302C/YDR447C/YML024W/YLR167W/YOL121C/YOR167C/YHR021C/YDR025W/YLR048W/YJL191W/YCR031C/YKL156W/YCL031C/YLR264W/YPR112C/YNR054C/YCR057C	20
GO:1901607	alpha-amino acid biosynthetic process	55/844	125/6015	0.44	3.13578199052133	9.74809932254493	1.81288882421714e-16	7.71301790666928e-15	6.97976654172277e-15	YBR115C/YJL200C/YOR108W/YJR109C/YPL273W/YER055C/YDL182W/YCL030C/YDR158W/YPR145W/YDR234W/YLR180W/YIL094C/YOR130C/YER052C/YDR502C/YDR354W/YOL058W/YHR018C/YPR118W/YGR124W/YER091C/YIL116W/YNR050C/YPR060C/YKL106W/YER086W/YDL131W/YIR034C/YDR300C/YGR155W/YGL202W/YCR053W/YMR062C/YOR184W/YIL020C/YPR069C/YBR248C/YKL211C/YDL171C/YGR208W/YOL064C/YJL088W/YJR016C/YLR146C/YER069W/YLR017W/YGL125W/YMR108W/YHR208W/YGL009C/YNL097C-B/YER081W/YOL140W/YOR303W	55
GO:0000966	RNA 5'-end processing	34/844	59/6015	0.576271186440678	4.10695638203872	9.68834250956678	4.99779474372181e-15	2.06379524123101e-13	1.86759698318026e-13	YOL077C/YOR004W/YKL099C/YFR001W/YGL171W/YDL148C/YLR186W/YBL004W/YMR229C/YJR002W/YOR078W/YNL002C/YHR169W/YDR412W/YDR449C/YDR339C/YPR112C/YPL217C/YJL010C/YOR145C/YDL153C/YLR222C/YPR137W/YNR054C/YLR051C/YML093W/YJL109C/YLR129W/YOR310C/YCR057C/YOL010W/YJL069C/YER082C/YPR144C	34
GO:0051168	nuclear export	54/844	132/6015	0.409090909090909	2.91549978457561	8.98949541396839	1.52467782814642e-14	6.11613620205019e-13	5.53469515360218e-13	YPL220W/YAL059W/YGR214W/YNL302C/YDR361C/YER131W/YKR094C/YJR123W/YGL123W/YML026C/YMR230W/YOL121C/YOR167C/YDR091C/YDR450W/YKL143W/YIL148W/YOR293W/YGL135W/YER006W/YOL040C/YNL178W/YPR016C/YLR048W/YKL009W/YFR001W/YPL239W/YOR294W/YGR245C/YLR264W/YLR293C/YGL099W/YDR101C/YIR026C/YGR285C/YPL146C/YDL229W/YHR088W/YNL209W/YPR080W/YPR112C/YGR090W/YJL010C/YHR170W/YGR081C/YOR145C/YHR196W/YGR128C/YKL068W/YLL034C/YBR247C/YLR106C/YNL227C/YPL093W	54
GO:0006399	tRNA metabolic process	71/844	208/6015	0.341346153846154	2.43269800401021	8.49524829263808	6.56473299861863e-14	2.56024586946127e-12	2.31685167524348e-12	YDR341C/YAR008W/YLR405W/YIL078W/YDR120C/YGR094W/YDL051W/YPR187W/YBL076C/YHR020W/YBL018C/YOL097C/YKL144C/YOR224C/YPL207W/YJL050W/YIL008W/YNL113W/YJL011C/YNR003C/YBR121C/YDR165W/YHR019C/YJL098W/YDR023W/YNL247W/YDL150W/YGR200C/YPR033C/YPL212C/YOL124C/YJL125C/YOR335C/YNL132W/YPR110C/YNL151C/YBR154C/YHR143W-A/YKL110C/YLR384C/YBR061C/YPL086C/YDR037W/YOR243C/YOR168W/YGR264C/YDR045C/YOR210W/YPL160W/YKL027W/YNL282W/YDL201W/YKR079C/YGR185C/YOL064C/YLR060W/YOL125W/YPL030W/YDL112W/YIL079C/YHR062C/YNL062C/YPL183C/YML080W/YOL093W/YBL024W/YKR056W/YNL119W/YOR207C/YGL169W/YLR401C	71
GO:0170033	L-amino acid metabolic process	61/844	165/6015	0.36969696969697	2.63474795346833	8.60162505486796	7.20665953060063e-14	2.73463512999008e-12	2.47466231961165e-12	YBR115C/YJL200C/YBR145W/YOR108W/YJR109C/YPL273W/YER055C/YDL182W/YCL030C/YDR158W/YDR321W/YPR145W/YDR234W/YLR180W/YIL094C/YOR130C/YER052C/YDR502C/YDR354W/YOL058W/YHR018C/YPR118W/YGR124W/YER091C/YIL116W/YGL256W/YNR050C/YPR060C/YKL106W/YER086W/YDR111C/YDL131W/YIR034C/YDR300C/YGR155W/YGL202W/YCR053W/YMR062C/YOR184W/YIL020C/YKL184W/YPR069C/YBR248C/YKL211C/YDL171C/YGR208W/YMR303C/YOL064C/YJL088W/YJR016C/YLR146C/YER069W/YLR017W/YGL125W/YMR108W/YHR208W/YGL009C/YNL097C-B/YER081W/YOL140W/YOR303W	61
GO:0170039	proteinogenic amino acid metabolic process	61/844	169/6015	0.36094674556213	2.57238705516139	8.37604636906232	2.51561201983003e-13	9.29452441010886e-12	8.4109243987115e-12	YBR115C/YJL200C/YBR145W/YOR108W/YJR109C/YPL273W/YER055C/YDL182W/YCL030C/YDR158W/YDR321W/YPR145W/YDR234W/YLR180W/YIL094C/YOR130C/YER052C/YDR502C/YDR354W/YOL058W/YHR018C/YPR118W/YGR124W/YER091C/YIL116W/YGL256W/YNR050C/YPR060C/YKL106W/YER086W/YDR111C/YDL131W/YIR034C/YDR300C/YGR155W/YGL202W/YCR053W/YMR062C/YOR184W/YIL020C/YKL184W/YPR069C/YBR248C/YKL211C/YDL171C/YGR208W/YMR303C/YOL064C/YJL088W/YJR016C/YLR146C/YER069W/YLR017W/YGL125W/YMR108W/YHR208W/YGL009C/YNL097C-B/YER081W/YOL140W/YOR303W	61
GO:0016053	organic acid biosynthetic process	67/844	200/6015	0.335	2.38747037914692	8.06175368567645	9.55853812577151e-13	3.3550468821458e-11	3.03609355731742e-11	YBR115C/YJL200C/YGL148W/YOR108W/YJR109C/YCR034W/YPL273W/YBR249C/YER055C/YDL182W/YCL030C/YDR158W/YPR145W/YDR234W/YEL071W/YDR035W/YLR180W/YIL094C/YOR130C/YLR372W/YER052C/YDR127W/YDR502C/YDR354W/YOL058W/YHR018C/YBR177C/YPR118W/YGR124W/YER091C/YIL116W/YNR050C/YPR060C/YKL106W/YER086W/YDL131W/YIR034C/YDR300C/YGR155W/YGL202W/YCR053W/YMR062C/YOR184W/YIL020C/YBR084W/YKL184W/YPR069C/YBR248C/YKL211C/YDL171C/YGR208W/YNL256W/YOL064C/YJL088W/YJR016C/YLR146C/YER069W/YLR017W/YGL125W/YMR108W/YHR208W/YGL009C/YER073W/YNL097C-B/YER081W/YOL140W/YOR303W	67
GO:0046394	carboxylic acid biosynthetic process	67/844	200/6015	0.335	2.38747037914692	8.06175368567645	9.55853812577151e-13	3.3550468821458e-11	3.03609355731742e-11	YBR115C/YJL200C/YGL148W/YOR108W/YJR109C/YCR034W/YPL273W/YBR249C/YER055C/YDL182W/YCL030C/YDR158W/YPR145W/YDR234W/YEL071W/YDR035W/YLR180W/YIL094C/YOR130C/YLR372W/YER052C/YDR127W/YDR502C/YDR354W/YOL058W/YHR018C/YBR177C/YPR118W/YGR124W/YER091C/YIL116W/YNR050C/YPR060C/YKL106W/YER086W/YDL131W/YIR034C/YDR300C/YGR155W/YGL202W/YCR053W/YMR062C/YOR184W/YIL020C/YBR084W/YKL184W/YPR069C/YBR248C/YKL211C/YDL171C/YGR208W/YNL256W/YOL064C/YJL088W/YJR016C/YLR146C/YER069W/YLR017W/YGL125W/YMR108W/YHR208W/YGL009C/YER073W/YNL097C-B/YER081W/YOL140W/YOR303W	67
GO:0009451	RNA modification	45/844	111/6015	0.405405405405405	2.88923402075061	8.1159570285219	3.73101872759891e-12	1.2776464130607e-10	1.15618475076043e-10	YLR405W/YHR089C/YDR120C/YDL208W/YDR083W/YPL266W/YHR072W-A/YPL207W/YIL008W/YDR165W/YLR186W/YJL098W/YDR023W/YGR200C/YNL124W/YPL212C/YLR197W/YOL124C/YJL125C/YNL132W/YIL096C/YKL110C/YLR384C/YLR175W/YBR061C/YPL086C/YOR243C/YDL014W/YNL061W/YKL027W/YDL201W/YCL054W/YOL125W/YPL030W/YLR063W/YDL112W/YNL062C/YPL183C/YML080W/YOL093W/YBL024W/YKR056W/YNL119W/YGL169W/YLR401C	45
GO:1901605	alpha-amino acid metabolic process	61/844	179/6015	0.340782122905028	2.42867828113003	7.83915014728573	4.56553921403641e-12	1.5261945372636e-10	1.38110421838144e-10	YBR115C/YJL200C/YBR145W/YOR108W/YJR109C/YPL273W/YER055C/YDL182W/YCL030C/YDR158W/YDR321W/YPR145W/YDR234W/YLR180W/YIL094C/YOR130C/YER052C/YDR502C/YDR354W/YOL058W/YHR018C/YPR118W/YGR124W/YER091C/YIL116W/YGL256W/YNR050C/YPR060C/YKL106W/YER086W/YDR111C/YDL131W/YIR034C/YDR300C/YGR155W/YGL202W/YCR053W/YMR062C/YOR184W/YIL020C/YKL184W/YPR069C/YBR248C/YKL211C/YDL171C/YGR208W/YMR303C/YOL064C/YJL088W/YJR016C/YLR146C/YER069W/YLR017W/YGL125W/YMR108W/YHR208W/YGL009C/YNL097C-B/YER081W/YOL140W/YOR303W	61
GO:0006913	nucleocytoplasmic transport	61/844	181/6015	0.337016574585635	2.40184205702914	7.73607776217638	7.86417562718646e-12	2.5093869501295e-10	2.27082774689331e-10	YPL220W/YAL059W/YGR214W/YNL302C/YDR361C/YER131W/YKR094C/YJR123W/YGL123W/YML026C/YMR230W/YOL121C/YOR167C/YDR091C/YDR450W/YKL143W/YER110C/YIL148W/YOR293W/YGL135W/YER006W/YOL040C/YNL178W/YPR016C/YNL207W/YLR048W/YKL009W/YKR092C/YFR001W/YPL239W/YOR294W/YGR245C/YLR264W/YLR293C/YJR074W/YGL099W/YDR101C/YIR026C/YGR285C/YPL146C/YDL229W/YHR088W/YNL209W/YPR080W/YLR437C/YPR112C/YGR090W/YJL010C/YHR170W/YGR081C/YOR145C/YHR196W/YGR128C/YKL068W/YLL034C/YBR247C/YDL063C/YLR106C/YNL227C/YBR267W/YPL093W	61
GO:0051169	nuclear transport	61/844	181/6015	0.337016574585635	2.40184205702914	7.73607776217638	7.86417562718646e-12	2.5093869501295e-10	2.27082774689331e-10	YPL220W/YAL059W/YGR214W/YNL302C/YDR361C/YER131W/YKR094C/YJR123W/YGL123W/YML026C/YMR230W/YOL121C/YOR167C/YDR091C/YDR450W/YKL143W/YER110C/YIL148W/YOR293W/YGL135W/YER006W/YOL040C/YNL178W/YPR016C/YNL207W/YLR048W/YKL009W/YKR092C/YFR001W/YPL239W/YOR294W/YGR245C/YLR264W/YLR293C/YJR074W/YGL099W/YDR101C/YIR026C/YGR285C/YPL146C/YDL229W/YHR088W/YNL209W/YPR080W/YLR437C/YPR112C/YGR090W/YJL010C/YHR170W/YGR081C/YOR145C/YHR196W/YGR128C/YKL068W/YLL034C/YBR247C/YDL063C/YLR106C/YNL227C/YBR267W/YPL093W	61
GO:0006450	regulation of translational fidelity	21/844	31/6015	0.67741935483871	4.82781684757682	8.63180996273494	1.07835542876373e-11	3.36446893774284e-10	3.04461988893058e-10	YDL075W/YBR189W/YJR123W/YIL110W/YGR094W/YLR406C/YGL123W/YBL076C/YPR132W/YHR020W/YGR118W/YOR335C/YHR064C/YGR285C/YDL229W/YNL244C/YPL160W/YNL209W/YER025W/YGL169W/YER049W	21
GO:0051656	establishment of organelle localization	47/844	125/6015	0.376	2.6796682464455	7.6663128390173	2.94800591849335e-11	8.99782675992317e-10	8.14243282293242e-10	YPL220W/YAL059W/YGR214W/YNL302C/YDR361C/YER131W/YKR094C/YJR123W/YGL123W/YML026C/YMR230W/YOL121C/YOR167C/YDR091C/YDR450W/YKL143W/YIL148W/YOR293W/YGL135W/YER006W/YOL040C/YNL178W/YPR016C/YLR048W/YKL009W/YFR001W/YPL239W/YOR294W/YGR245C/YLR264W/YLR293C/YGL099W/YDR101C/YIR026C/YGR285C/YPL146C/YDL229W/YHR088W/YNL209W/YJL010C/YHR170W/YGR081C/YOR145C/YLL034C/YLR106C/YNL227C/YPL093W	47
GO:0032259	methylation	39/844	93/6015	0.419354838709677	2.98864852469041	7.80784119242837	3.06754972247544e-11	9.16348895820323e-10	8.29234605829307e-10	YPL273W/YGR157W/YDR120C/YIL110W/YDR083W/YPL266W/YER091C/YJR073C/YBR030W/YIL064W/YDR165W/YLR186W/YDR023W/YOL124C/YJL125C/YIL096C/YGR283C/YBR061C/YOR021C/YDL014W/YNL061W/YLR172C/YOR074C/YDR465C/YDL201W/YBR271W/YCL054W/YOL125W/YPL030W/YLR063W/YJL168C/YDL112W/YHL039W/YNL062C/YPL183C/YOL093W/YBL024W/YKR056W/YMR310C	39
GO:0009067	aspartate family amino acid biosynthetic process	29/844	60/6015	0.483333333333333	3.44460900473934	7.68793699939916	1.75251681654574e-10	5.12611168839628e-09	4.63878902976032e-09	YBR115C/YJL200C/YPL273W/YDL182W/YDR158W/YPR145W/YDR234W/YLR180W/YIL094C/YER052C/YDR502C/YPR118W/YGR124W/YER091C/YNR050C/YKL106W/YER086W/YDL131W/YIR034C/YGL202W/YCR053W/YPR069C/YOL064C/YJR016C/YLR146C/YLR017W/YGL125W/YHR208W/YNL097C-B	29
GO:0001510	RNA methylation	22/844	41/6015	0.536585365853659	3.82412437868455	7.3300815323683	2.30623013491596e-09	6.60805532535105e-08	5.97984913607641e-08	YDR120C/YDR083W/YPL266W/YDR165W/YLR186W/YDR023W/YOL124C/YJL125C/YIL096C/YBR061C/YDL014W/YNL061W/YDL201W/YCL054W/YOL125W/YPL030W/YLR063W/YDL112W/YNL062C/YPL183C/YOL093W/YBL024W	22
GO:0009066	aspartate family amino acid metabolic process	33/844	82/6015	0.402439024390244	2.86809328401341	6.88072146017763	3.7032942111213e-09	1.03988501448286e-07	9.41026550068086e-08	YBR115C/YJL200C/YBR145W/YPL273W/YDL182W/YDR158W/YDR321W/YPR145W/YDR234W/YLR180W/YIL094C/YER052C/YDR502C/YPR118W/YGR124W/YER091C/YGL256W/YNR050C/YKL106W/YER086W/YDL131W/YIR034C/YGL202W/YCR053W/YPR069C/YMR303C/YOL064C/YJR016C/YLR146C/YLR017W/YGL125W/YHR208W/YNL097C-B	33
GO:0043414	macromolecule methylation	27/844	60/6015	0.45	3.20704976303318	6.94084800466777	5.48910392206227e-09	1.51111802089714e-07	1.36746097707516e-07	YDR120C/YIL110W/YDR083W/YPL266W/YBR030W/YDR165W/YLR186W/YDR023W/YOL124C/YJL125C/YIL096C/YBR061C/YOR021C/YDL014W/YNL061W/YDR465C/YDL201W/YCL054W/YOL125W/YPL030W/YLR063W/YDL112W/YHL039W/YNL062C/YPL183C/YOL093W/YBL024W	27
GO:0009304	tRNA transcription	14/844	19/6015	0.736842105263158	5.25130955350461	7.49780918014789	6.0911533141126e-09	1.61358099113473e-07	1.46018312812987e-07	YPR187W/YKL144C/YOR224C/YNL113W/YJL011C/YNR003C/YDL150W/YPR110C/YNL151C/YBR154C/YHR143W-A/YDR045C/YOR210W/YOR207C	14
GO:0042797	tRNA transcription by RNA polymerase III	14/844	19/6015	0.736842105263158	5.25130955350461	7.49780918014789	6.0911533141126e-09	1.61358099113473e-07	1.46018312812987e-07	YPR187W/YKL144C/YOR224C/YNL113W/YJL011C/YNR003C/YDL150W/YPR110C/YNL151C/YBR154C/YHR143W-A/YDR045C/YOR210W/YOR207C	14
GO:0009124	nucleoside monophosphate biosynthetic process	22/844	43/6015	0.511627906976744	3.64625812851317	7.0351311758149	7.49257472816796e-09	1.94806942932367e-07	1.76287284539936e-07	YHR216W/YNL141W/YGL234W/YJR105W/YDR020C/YHR128W/YDR399W/YML022W/YGR061C/YML106W/YLR432W/YBR252W/YKL181W/YDR454C/YDR408C/YML056C/YHR144C/YMR217W/YOR074C/YBL068W/YNR012W/YHL011C	22
GO:0009123	nucleoside monophosphate metabolic process	24/844	51/6015	0.470588235294118	3.35377752996933	6.81941859643063	1.31459304607112e-08	3.35579752124337e-07	3.0367728356131e-07	YHR216W/YNL141W/YGL234W/YJR105W/YDR020C/YHR128W/YDR399W/YML022W/YGL101W/YGR061C/YML106W/YLR432W/YBR252W/YKL181W/YDL166C/YDR454C/YDR408C/YML056C/YHR144C/YMR217W/YOR074C/YBL068W/YNR012W/YHL011C	24
GO:0006400	tRNA modification	31/844	81/6015	0.382716049382716	2.72753203440407	6.32354355470284	4.50251678961525e-08	1.11665472467502e-06	1.01049801520674e-06	YLR405W/YDR120C/YPL207W/YIL008W/YDR165W/YJL098W/YDR023W/YGR200C/YPL212C/YOL124C/YJL125C/YNL132W/YKL110C/YLR384C/YBR061C/YPL086C/YOR243C/YKL027W/YDL201W/YOL125W/YPL030W/YDL112W/YNL062C/YPL183C/YML080W/YOL093W/YBL024W/YKR056W/YNL119W/YGL169W/YLR401C	31
GO:0006414	translational elongation	23/844	50/6015	0.46	3.27831753554502	6.53521225244776	4.53342730103108e-08	1.11665472467502e-06	1.01049801520674e-06	YLR333C/YGR148C/YGR027C/YDR382W/YDL130W/YOR182C/YGL031C/YDL081C/YLR150W/YKL081W/YMR116C/YOL039W/YOR063W/YDR385W/YOR133W/YHR064C/YGR285C/YAL003W/YDL229W/YNL209W/YPR080W/YJR047C/YLR249W	23
GO:0000055	ribosomal large subunit export from nucleus	18/844	33/6015	0.545454545454545	3.88733304610082	6.71887116251885	4.8602272347892e-08	1.17651017890414e-06	1.06466320733041e-06	YPL220W/YAL059W/YDR361C/YKR094C/YIL148W/YGL135W/YER006W/YKL009W/YFR001W/YOR294W/YGR245C/YDR101C/YIR026C/YPL146C/YHR088W/YHR170W/YLL034C/YNL227C	18
GO:0043094	metabolic compound salvage	25/844	62/6015	0.403225806451613	2.87370050451001	5.99092307964334	2.82696164075799e-07	6.7272104129224e-06	6.08767653950918e-06	YHR216W/YPL273W/YNL141W/YGL234W/YJR105W/YLR180W/YDR020C/YHR128W/YDR502C/YNL129W/YDR399W/YML022W/YPR118W/YGR061C/YLR432W/YGL202W/YDR454C/YDR408C/YML056C/YMR217W/YPR069C/YNR012W/YLR146C/YLR017W/YHR208W	25
GO:0009156	ribonucleoside monophosphate biosynthetic process	19/844	40/6015	0.475	3.3852191943128	6.11441627700807	3.65496477623802e-07	8.55261757639696e-06	7.73954821915665e-06	YHR216W/YNL141W/YGL234W/YJR105W/YDR020C/YHR128W/YDR399W/YML022W/YGR061C/YML106W/YLR432W/YKL181W/YDR454C/YDR408C/YML056C/YMR217W/YBL068W/YNR012W/YHL011C	19
GO:0006418	tRNA aminoacylation for protein translation	18/844	37/6015	0.486486486486487	3.46708082490073	6.08095725723381	4.74846708232305e-07	1.08136929586991e-05	9.78567056616418e-06	YDR341C/YIL078W/YGR094W/YBL076C/YHR020W/YOL097C/YBR121C/YHR019C/YDR023W/YNL247W/YPR033C/YOR335C/YDR037W/YOR168W/YGR264C/YPL160W/YGR185C/YLR060W	18
GO:0000154	rRNA modification	15/844	27/6015	0.555555555555556	3.95932069510269	6.2258504419907	4.77527751737424e-07	1.08136929586991e-05	9.78567056616418e-06	YHR089C/YDL208W/YDR083W/YPL266W/YHR072W-A/YLR186W/YLR197W/YNL132W/YIL096C/YLR175W/YOR243C/YDL014W/YNL061W/YCL054W/YLR063W	15
GO:0030488	tRNA methylation	14/844	24/6015	0.583333333333333	4.15728672985782	6.26088391722896	5.16203202984353e-07	1.15039570950799e-05	1.04103135505783e-05	YDR120C/YDR165W/YDR023W/YOL124C/YJL125C/YBR061C/YDL201W/YOL125W/YPL030W/YDL112W/YNL062C/YPL183C/YOL093W/YBL024W	14
GO:0009085	lysine biosynthetic process	10/844	13/6015	0.769230769230769	5.48213634706526	6.53543366049721	5.39251075954518e-07	1.16478232406176e-05	1.05405028125847e-05	YBR115C/YJL200C/YDL182W/YDR234W/YIL094C/YNR050C/YDL131W/YIR034C/YGL202W/YNL097C-B	10
GO:0019878	lysine biosynthetic process via aminoadipic acid	10/844	13/6015	0.769230769230769	5.48213634706526	6.53543366049721	5.39251075954518e-07	1.16478232406176e-05	1.05405028125847e-05	YBR115C/YJL200C/YDL182W/YDR234W/YIL094C/YNR050C/YDL131W/YIR034C/YGL202W/YNL097C-B	10
GO:1990145	maintenance of translational fidelity	9/844	11/6015	0.818181818181818	5.83099956915123	6.47856269403041	8.556777022105e-07	1.82025983924779e-05	1.64721369468592e-05	YOR369C/YFR031C-A/YLR167W/YMR116C/YNL178W/YOR063W/YOR133W/YAL003W/YNL244C	9
GO:0006553	lysine metabolic process	10/844	14/6015	0.714285714285714	5.09055517941774	6.19013507979117	1.64985242343057e-06	3.45730269029331e-05	3.12862824050385e-05	YBR115C/YJL200C/YDL182W/YDR234W/YIL094C/YNR050C/YDL131W/YIR034C/YGL202W/YNL097C-B	10
GO:0044283	small molecule biosynthetic process	84/844	371/6015	0.226415094339623	1.61360994366449	4.9289170276791	2.51314579344744e-06	5.18890690294148e-05	4.69561450880969e-05	YBR115C/YJL200C/YBR145W/YGL148W/YOR108W/YJR109C/YCR034W/YPL273W/YBR249C/YER055C/YDL182W/YCL030C/YDR158W/YPR145W/YDR234W/YEL071W/YJR105W/YDR035W/YLR180W/YIL094C/YOR130C/YLR372W/YER052C/YDR127W/YDR502C/YHR174W/YDR399W/YDR354W/YML022W/YOL059W/YOL058W/YHR018C/YBR177C/YPR118W/YGR124W/YER091C/YIL116W/YGL256W/YNR050C/YPR060C/YKL106W/YER086W/YML106W/YDL131W/YIR034C/YDR300C/YJR009C/YGR155W/YGL202W/YIL053W/YCR053W/YMR062C/YOR184W/YIL020C/YBR084W/YKL184W/YPR069C/YBR248C/YKL211C/YKL029C/YDL171C/YGR208W/YMR303C/YOR047C/YNL256W/YNR012W/YOL064C/YJL088W/YJR016C/YLR146C/YER069W/YLR017W/YGL125W/YMR108W/YHR208W/YGL009C/YER073W/YNL097C-B/YER081W/YOL140W/YOR303W/YJL153C/YOR095C/YHR046C	84
GO:0006526	L-arginine biosynthetic process	9/844	12/6015	0.75	5.34508293838863	6.08653590465294	2.99556771807382e-06	6.09532909590672e-05	5.51586611093073e-05	YJR109C/YOR130C/YOL058W/YHR018C/YMR062C/YJL088W/YER069W/YOL140W/YOR303W	9
GO:0043038	amino acid activation	18/844	41/6015	0.439024390243902	3.12882903710554	5.5254260500117	3.1166504330381e-06	6.16306649012041e-05	5.57716393280502e-05	YDR341C/YIL078W/YGR094W/YBL076C/YHR020W/YOL097C/YBR121C/YHR019C/YDR023W/YNL247W/YPR033C/YOR335C/YDR037W/YOR168W/YGR264C/YPL160W/YGR185C/YLR060W	18
GO:0043039	tRNA aminoacylation	18/844	41/6015	0.439024390243902	3.12882903710554	5.5254260500117	3.1166504330381e-06	6.16306649012041e-05	5.57716393280502e-05	YDR341C/YIL078W/YGR094W/YBL076C/YHR020W/YOL097C/YBR121C/YHR019C/YDR023W/YNL247W/YPR033C/YOR335C/YDR037W/YOR168W/YGR264C/YPL160W/YGR185C/YLR060W	18
GO:0009073	aromatic amino acid family biosynthetic process	13/844	24/6015	0.541666666666667	3.86033767772512	5.67203542046359	4.16694983759501e-06	8.12555218331026e-05	7.35308253505435e-05	YGL148W/YBR249C/YER055C/YCL030C/YDR035W/YDR127W/YDR354W/YIL116W/YPR060C/YGL202W/YIL020C/YBR248C/YKL211C	13
GO:0002183	cytoplasmic translational initiation	15/844	31/6015	0.483870967741935	3.44844060541202	5.52128663740515	4.75867120915871e-06	9.1522936680258e-05	8.28221506770666e-05	YMR260C/YPL237W/YKR059W/YOL139C/YJL138C/YPR163C/YOR361C/YDR429C/YNL244C/YJR007W/YER025W/YDR179C/YGR162W/YBR079C/YMR309C	15
GO:0019752	carboxylic acid metabolic process	81/844	369/6015	0.219512195121951	1.56441451855277	4.52070938459505	1.33950060745544e-05	0.000254143088225329	0.000229982536728124	YBR115C/YJL200C/YBR145W/YGL148W/YCR005C/YOR108W/YJR109C/YCR034W/YPL273W/YBR249C/YER055C/YDL182W/YCL030C/YDR158W/YDR321W/YPR145W/YDR234W/YEL071W/YDR035W/YLR180W/YIL094C/YOR130C/YLR372W/YER052C/YDR127W/YDR502C/YHR174W/YDR354W/YOL058W/YHR018C/YBR177C/YPR118W/YGR124W/YER091C/YIL116W/YGL256W/YNR050C/YPR060C/YCL026C-A/YKL106W/YER086W/YDR111C/YDL131W/YIR034C/YDR300C/YJR009C/YGR155W/YGL202W/YCR053W/YMR062C/YHR183W/YOR184W/YIL020C/YBR084W/YKL184W/YPR069C/YBR248C/YKL211C/YKL029C/YDL171C/YGR208W/YOR074C/YIL009W/YMR303C/YNL256W/YOL064C/YJL088W/YJR016C/YLR146C/YER069W/YLR017W/YGL125W/YMR108W/YHR208W/YGL009C/YER073W/YNL097C-B/YER081W/YOL140W/YGL253W/YOR303W	81
GO:0043436	oxoacid metabolic process	84/844	387/6015	0.217054263565891	1.54689738785407	4.49314002772191	1.44557190622555e-05	0.000270611060845422	0.000244884953096735	YBR115C/YJL200C/YBR145W/YGL148W/YCR005C/YOR108W/YJR109C/YCR034W/YPL273W/YBR249C/YER055C/YDL182W/YCL030C/YDR158W/YDR321W/YPR145W/YDR234W/YEL071W/YDR035W/YLR180W/YIL094C/YOR130C/YLR372W/YER052C/YDR127W/YDR502C/YHR174W/YDR354W/YOL058W/YHR018C/YBR177C/YPR118W/YGR124W/YJL198W/YER091C/YIL116W/YGL256W/YNR050C/YPR060C/YCL026C-A/YKL106W/YER086W/YDR111C/YDL131W/YIR034C/YDR300C/YJR009C/YPL019C/YGR155W/YGL202W/YCR053W/YMR062C/YHR183W/YOR184W/YIL020C/YBR084W/YKL184W/YPR069C/YBR248C/YKL211C/YKL029C/YDL171C/YGR208W/YOR074C/YIL009W/YMR303C/YNL256W/YOL064C/YJL088W/YJR016C/YLR146C/YER069W/YLR017W/YGL125W/YMR108W/YHR208W/YGL009C/YER073W/YNL097C-B/YER081W/YOL140W/YGL253W/YOR303W/YML123C	84
GO:0006082	organic acid metabolic process	84/844	389/6015	0.215938303341902	1.53894418791652	4.44001457572266	1.77493580361425e-05	0.000327896035299263	0.000296724032543268	YBR115C/YJL200C/YBR145W/YGL148W/YCR005C/YOR108W/YJR109C/YCR034W/YPL273W/YBR249C/YER055C/YDL182W/YCL030C/YDR158W/YDR321W/YPR145W/YDR234W/YEL071W/YDR035W/YLR180W/YIL094C/YOR130C/YLR372W/YER052C/YDR127W/YDR502C/YHR174W/YDR354W/YOL058W/YHR018C/YBR177C/YPR118W/YGR124W/YJL198W/YER091C/YIL116W/YGL256W/YNR050C/YPR060C/YCL026C-A/YKL106W/YER086W/YDR111C/YDL131W/YIR034C/YDR300C/YJR009C/YPL019C/YGR155W/YGL202W/YCR053W/YMR062C/YHR183W/YOR184W/YIL020C/YBR084W/YKL184W/YPR069C/YBR248C/YKL211C/YKL029C/YDL171C/YGR208W/YOR074C/YIL009W/YMR303C/YNL256W/YOL064C/YJL088W/YJR016C/YLR146C/YER069W/YLR017W/YGL125W/YMR108W/YHR208W/YGL009C/YER073W/YNL097C-B/YER081W/YOL140W/YGL253W/YOR303W/YML123C	84
GO:0008033	tRNA processing	37/844	133/6015	0.278195488721804	1.9826372804048	4.62937341789292	1.98914754323488e-05	0.000362696513078152	0.000328216142814012	YAR008W/YLR405W/YDR120C/YDL051W/YBL018C/YPL207W/YIL008W/YDR165W/YJL098W/YDR023W/YGR200C/YPL212C/YOL124C/YJL125C/YNL132W/YKL110C/YLR384C/YBR061C/YPL086C/YOR243C/YKL027W/YNL282W/YDL201W/YKR079C/YOL125W/YPL030W/YDL112W/YHR062C/YNL062C/YPL183C/YML080W/YOL093W/YBL024W/YKR056W/YNL119W/YGL169W/YLR401C	37
GO:0009127	purine nucleoside monophosphate biosynthetic process	12/844	24/6015	0.5	3.56338862559242	5.08318692369823	2.86954037888852e-05	0.000509979074931581	0.000461497033620046	YHR216W/YNL141W/YGL234W/YJR105W/YDR399W/YML022W/YGR061C/YLR432W/YDR454C/YDR408C/YML056C/YMR217W	12
GO:0009168	purine ribonucleoside monophosphate biosynthetic process	12/844	24/6015	0.5	3.56338862559242	5.08318692369823	2.86954037888852e-05	0.000509979074931581	0.000461497033620046	YHR216W/YNL141W/YGL234W/YJR105W/YDR399W/YML022W/YGR061C/YLR432W/YDR454C/YDR408C/YML056C/YMR217W	12
GO:0046417	chorismate metabolic process	13/844	28/6015	0.464285714285714	3.30886086662153	4.94695335903937	3.62284488762101e-05	0.000635809277777488	0.000575364970968232	YGL148W/YBR249C/YDR035W/YDR127W/YDR354W/YIL116W/YPR060C/YGL202W/YBR084W/YKL211C/YOR074C/YNL256W/YGL125W	13
GO:0043102	amino acid salvage	9/844	15/6015	0.6	4.2760663507109	5.13202023001027	4.57405819630656e-05	0.000783168013123708	0.000708714793702441	YPL273W/YLR180W/YDR502C/YPR118W/YGL202W/YPR069C/YLR146C/YLR017W/YHR208W	9
GO:0071267	L-methionine salvage	9/844	15/6015	0.6	4.2760663507109	5.13202023001027	4.57405819630656e-05	0.000783168013123708	0.000708714793702441	YPL273W/YLR180W/YDR502C/YPR118W/YGL202W/YPR069C/YLR146C/YLR017W/YHR208W	9
GO:0006525	arginine metabolic process	11/844	22/6015	0.5	3.56338862559242	4.86596880919481	6.24589954079888e-05	0.00105653529581706	0.000956093943658117	YJR109C/YOR130C/YOL058W/YHR018C/YMR062C/YKL184W/YJL088W/YLR146C/YER069W/YOL140W/YOR303W	11
GO:0006360	transcription by RNA polymerase I	23/844	72/6015	0.319444444444444	2.27660939968404	4.40237554389681	7.54797350399076e-05	0.00126155573883523	0.0011416237642631	YKL078W/YPR187W/YOR340C/YOR224C/YNL113W/YER148W/YOR341W/YJR063W/YNL248C/YPR110C/YBR154C/YHR143W-A/YOR210W/YJL148W/YPR010C/YLR196W/YDR324C/YHR196W/YGR128C/YJL109C/YMR093W/YPL126W/YDR398W	23
GO:0071265	L-methionine biosynthetic process	10/844	19/6015	0.526315789473684	3.75093539536044	4.85167885371321	7.79123345061606e-05	0.00126155573883523	0.0011416237642631	YPL273W/YLR180W/YER052C/YDR502C/YPR118W/YGL202W/YPR069C/YLR146C/YLR017W/YHR208W	10
GO:0009126	purine nucleoside monophosphate metabolic process	12/844	26/6015	0.461538461538462	3.28928180823915	4.72579023882227	7.8173325697055e-05	0.00126155573883523	0.0011416237642631	YHR216W/YNL141W/YGL234W/YJR105W/YDR399W/YML022W/YGR061C/YLR432W/YDR454C/YDR408C/YML056C/YMR217W	12
GO:0009167	purine ribonucleoside monophosphate metabolic process	12/844	26/6015	0.461538461538462	3.28928180823915	4.72579023882227	7.8173325697055e-05	0.00126155573883523	0.0011416237642631	YHR216W/YNL141W/YGL234W/YJR105W/YDR399W/YML022W/YGR061C/YLR432W/YDR454C/YDR408C/YML056C/YMR217W	12
GO:0042256	cytosolic ribosome assembly	8/844	13/6015	0.615384615384615	4.38570907765221	4.93672556061959	9.73344336622541e-05	0.00155292664615687	0.00140529499318589	YMR194W/YPR016C/YPL249C-A/YLR029C/YMR229C/YLR022C/YPR112C/YNR054C	8
GO:0006415	translational termination	12/844	27/6015	0.444444444444444	3.16745655608215	4.55991822042506	0.000122920505886476	0.00193910550859115	0.00175476109526879	YDR091C/YBR143C/YLR075W/YDR429C/YAL003W/YDL229W/YDR172W/YJR047C/YBR271W/YPL226W/YER049W/YLR249W	12
GO:0001731	formation of translation preinitiation complex	9/844	17/6015	0.529411764705882	3.7729997212155	4.62526608566903	0.000170487571249838	0.00265960611149748	0.00240676606431058	YMR260C/YPL237W/YOL139C/YJL138C/YPR163C/YNL244C/YJR007W/YER025W/YGR162W	9
GO:0009084	glutamine family amino acid biosynthetic process	12/844	28/6015	0.428571428571429	3.05433310765064	4.40160349824319	0.000187939548644175	0.00289212082444537	0.00261717636460156	YJR109C/YOR130C/YOL058W/YHR018C/YDR300C/YMR062C/YDL171C/YJL088W/YER069W/YLR017W/YOL140W/YOR303W	12
GO:0006413	translational initiation	23/844	76/6015	0.302631578947368	2.15678785233225	4.09986464717286	0.000189512190775623	0.00289212082444537	0.00261717636460156	YMR143W/YDL083C/YGR148C/YMR260C/YOR276W/YGL031C/YLR150W/YDR091C/YPL237W/YKR059W/YOL139C/YPR016C/YJL138C/YPR163C/YOR361C/YDR429C/YNL244C/YJR007W/YER025W/YDR179C/YGR162W/YBR079C/YMR309C	23
GO:0009165	nucleotide biosynthetic process	30/844	111/6015	0.27027027027027	1.92615601383374	3.97867195245369	0.000210733583181454	0.00318139732028776	0.00287895229088868	YHR216W/YER055C/YCL030C/YGL234W/YJR105W/YDR020C/YHR128W/YNL129W/YDR399W/YML022W/YGR061C/YBL039C/YIL116W/YER070W/YML106W/YLR432W/YBR252W/YKL181W/YDL166C/YDR454C/YDR408C/YML056C/YHR144C/YMR217W/YIL020C/YBR248C/YOR074C/YBL068W/YNR012W/YHL011C	30
GO:0051640	organelle localization	55/844	250/6015	0.22	1.56789099526066	3.70510907041513	0.000318744651579374	0.00476082437039831	0.00430822838136959	YPL220W/YAL059W/YGR214W/YNL302C/YDR361C/YER131W/YKR094C/YJR123W/YGL123W/YML026C/YMR230W/YOL121C/YOR167C/YDR091C/YDR450W/YKL143W/YIL148W/YOR293W/YGL135W/YER006W/YOL040C/YNL178W/YPR016C/YLR048W/YKL009W/YFR001W/YMR183C/YPL239W/YNL031C/YNL087W/YOR294W/YGR245C/YLR264W/YLR293C/YGL099W/YDR101C/YIR026C/YGR285C/YPL146C/YDL229W/YHR088W/YNL209W/YJL010C/YHR170W/YGR081C/YMR078C/YOR145C/YKL068W/YOR073W/YLL034C/YHR154W/YLR106C/YMR117C/YNL227C/YPL093W	55
GO:0031167	rRNA methylation	8/844	15/6015	0.533333333333333	3.80094786729858	4.38773809177009	0.000374703931514099	0.00548899676848529	0.00496717581313671	YDR083W/YPL266W/YLR186W/YIL096C/YDL014W/YNL061W/YCL054W/YLR063W	8
GO:0009086	methionine biosynthetic process	14/844	38/6015	0.368421052631579	2.62565477675231	4.06110446563148	0.000375316018357968	0.00548899676848529	0.00496717581313671	YPL273W/YDR158W/YLR180W/YER052C/YDR502C/YPR118W/YER091C/YGL202W/YPR069C/YOL064C/YLR146C/YLR017W/YGL125W/YHR208W	14
GO:0009072	aromatic amino acid metabolic process	16/844	47/6015	0.340425531914894	2.42613693657356	3.96516638890699	0.000414453189498333	0.00599888946449133	0.00542859467959292	YBR145W/YGL148W/YBR249C/YER055C/YCL030C/YDR035W/YDR127W/YDR354W/YIL116W/YGL256W/YPR060C/YGL202W/YIL020C/YBR248C/YKL211C/YMR303C	16
GO:0000097	sulfur amino acid biosynthetic process	15/844	43/6015	0.348837209302326	2.48608508762262	3.95078749771158	0.000463630115091826	0.00664221103662167	0.00601075777568028	YPL273W/YDR158W/YLR180W/YER052C/YDR502C/YPR118W/YER091C/YGR155W/YGL202W/YPR069C/YOL064C/YLR146C/YLR017W/YGL125W/YHR208W	15
GO:0006555	methionine metabolic process	14/844	39/6015	0.358974358974359	2.55833029529712	3.94413879306769	0.00051110531742921	0.0071759186567061	0.00649372755933743	YPL273W/YDR158W/YLR180W/YER052C/YDR502C/YPR118W/YER091C/YGL202W/YPR069C/YOL064C/YLR146C/YLR017W/YGL125W/YHR208W	14
GO:0043101	purine-containing compound salvage	14/844	39/6015	0.358974358974359	2.55833029529712	3.94413879306769	0.00051110531742921	0.0071759186567061	0.00649372755933743	YHR216W/YNL141W/YGL234W/YJR105W/YNL129W/YDR399W/YML022W/YGR061C/YLR432W/YDR454C/YDR408C/YML056C/YMR217W/YLR017W	14
GO:0006362	transcription elongation by RNA polymerase I	9/844	20/6015	0.45	3.20704976303318	3.99390928037393	0.0007931343161283	0.0110253522756845	0.00997720812471973	YPR187W/YOR340C/YNL113W/YOR341W/YNL248C/YPR110C/YBR154C/YJL148W/YPR010C	9
GO:0009129	pyrimidine nucleoside monophosphate metabolic process	7/844	13/6015	0.538461538461538	3.83749544294568	4.13737151068078	0.000828204342030172	0.0112321877961252	0.0101643804692781	YDR020C/YHR128W/YML106W/YBR252W/YHR144C/YOR074C/YNR012W	7
GO:0009130	pyrimidine nucleoside monophosphate biosynthetic process	7/844	13/6015	0.538461538461538	3.83749544294568	4.13737151068078	0.000828204342030172	0.0112321877961252	0.0101643804692781	YDR020C/YHR128W/YML106W/YBR252W/YHR144C/YOR074C/YNR012W	7
GO:0006865	amino acid transport	18/844	59/6015	0.305084745762712	2.1742710257852	3.66169926383138	0.000832013910824086	0.0112321877961252	0.0101643804692781	YOR222W/YPL265W/YBR104W/YGL077C/YOL092W/YOR130C/YGR055W/YPR058W/YDR119W/YDR352W/YPL274W/YBR043C/YBR069C/YOL020W/YDR508C/YNL101W/YOR271C/YGR191W	18
GO:0046112	nucleobase biosynthetic process	10/844	24/6015	0.416666666666667	2.96949052132701	3.9054899301675	0.000850331465652861	0.0113701464550154	0.0102892238500552	YNL141W/YGL234W/YML022W/YBL039C/YML106W/YBR252W/YOR184W/YDR408C/YOR074C/YOR303W	10
GO:0003333	amino acid transmembrane transport	16/844	50/6015	0.32	2.28056872037915	3.67323178659605	0.000900837667248016	0.0119318498567567	0.0107975279480472	YOR222W/YPL265W/YBR104W/YOL092W/YOR130C/YGR055W/YPR058W/YDR119W/YDR352W/YPL274W/YBR043C/YBR069C/YOL020W/YDR508C/YNL101W/YGR191W	16
GO:0006383	transcription by RNA polymerase III	15/844	46/6015	0.326086956521739	2.32394910364723	3.64137228675181	0.00104058231458164	0.0136539959782488	0.0123559552749635	YPR187W/YKL144C/YOR224C/YNL113W/YER148W/YJL011C/YNR003C/YDL150W/YPR110C/YNL151C/YBR154C/YHR143W-A/YDR045C/YOR210W/YOR207C	15
GO:0046390	ribose phosphate biosynthetic process	19/844	67/6015	0.283582089552239	2.02102638466436	3.39511549511235	0.00160298108246796	0.0208387540720834	0.0188576819350763	YHR216W/YGL234W/YJR105W/YDR020C/YHR128W/YDR399W/YML022W/YGR061C/YBL039C/YML106W/YLR432W/YKL181W/YDR454C/YDR408C/YML056C/YMR217W/YBL068W/YNR012W/YHL011C	19
GO:0009112	nucleobase metabolic process	13/844	39/6015	0.333333333333333	2.37559241706161	3.48162865854314	0.00177242613515593	0.0228301494840269	0.020659761903749	YNL141W/YGL234W/YJR105W/YDR399W/YML022W/YBL039C/YML106W/YBR252W/YOR184W/YDR408C/YGL224C/YOR074C/YOR303W	13
GO:0009064	glutamine family amino acid metabolic process	13/844	40/6015	0.325	2.31620260663507	3.37403399278303	0.00229527954195381	0.0292961134263923	0.0265110278195048	YJR109C/YOR130C/YOL058W/YHR018C/YDR300C/YMR062C/YKL184W/YDL171C/YJL088W/YER069W/YLR017W/YOL140W/YOR303W	13
GO:0031125	rRNA 3'-end processing	9/844	23/6015	0.391304347826087	2.78873892437667	3.47208732706606	0.00260384025135304	0.0329350604765735	0.0298040320851884	YHR081W/YGR214W/YKR057W/YJL136C/YJL050W/YLR048W/YNR024W/YLR293C/YDL060W	9
GO:0000096	sulfur amino acid metabolic process	15/844	50/6015	0.3	2.13803317535545	3.26437743433152	0.00265905431562995	0.0333331451709326	0.0301642721707269	YPL273W/YDR158W/YLR180W/YER052C/YDR502C/YPR118W/YER091C/YGR155W/YGL202W/YPR069C/YOL064C/YLR146C/YLR017W/YGL125W/YHR208W	15
GO:0015807	L-amino acid transport	9/844	24/6015	0.375	2.67254146919431	3.31664143340213	0.00365594552277315	0.0454243142829513	0.0411059734139468	YOR222W/YBR104W/YOR130C/YGR055W/YPR058W/YBR069C/YNL101W/YOR271C/YGR191W	9
